Workbook

Sheet Faculty Details
B1: Name of Department | K1: Name of HoD
B2: Reporting Period | C2: Academic Years 2023-24 to 2026-27 (up to date of submission) | K2: Date of Submission
A3: S.No | B3: Name of Faculty Member | C3: Designation | D3: Appointment Type | E3: Date of Joining | F3: PhD | G3: Programme(s) for which Appointed | H3: Teaching & Responsibility | J3: Research Publications | O3: Citation Performance | Q3: Research Profile | R3: Patents | U3: Sponsored / Research Projects | AA3: PhD Supervision
H4: Teaching Load (Hrs/Week) | I4: Additional Responsibility | J4: Journal Publications | M4: Conference Publications | O4: H-Index | P4: i10-Index | Q4: Google Scholar / ORCID Link | R4: Filed | S4: Published | T4: Granted | U4: Sponsoring Agency | V4: Year of Grant | W4: Duration | X4: Sanctioned Amount (₹) | Y4: Amount Released (₹) | Z4: Current Status | AA4: Registered | AB4: Awarded
J5: SCI/SCIE/SSCI | K5: Scopus / UGC CARE | L5: Other | M5: International | N5: National
A6: 1 | B6: Prof. Mithilesh Singh | C6: Professor | D6: Regular | E6: 44816 | F6: Yes | G6: B.Sc., M.Sc. & Ph.D | H6: 10 | I6: Head of Department, Director of Rajju Bhaiya Institute, Convenor of Admission campus, Nodel of Admission Samarth, Nodel of Admission of affilated colleges, memeber of quotation committee, | J6: 13 | K6: 7 | L6: 10 | M6: 1 | N6: 1 | O6: 9 | P6: 8 | Q6: ‪Prof. Mithilesh Singh‬ - ‪Google Scholar‬ | R6: NA | S6: NA | T6: NA | U6: Higher education of U.P. | V6: 2025 | W6: 3 | X6: ₹1,57,300 | Y6: ₹0 | Z6: Ongoing | AA6: 2 | AB6: 2
A7: 2 | B7: Mr. Saurabh Kumar Singh | C7: Assistant Professor | D7: Regular | E7: 43354 | F7: No | G7: B.Sc., M.Sc. | H7: 18 | I7: BOS Convener, ACS (B.Sc. Examination) | J7: NA | K7: NA | L7: NA | M7: NA | N7: NA | O7: NA | P7: NA | Q7: NA | R7: NA | S7: NA | T7: NA | U7: NA | V7: NA | W7: NA | X7: NA | Y7: NA | Z7: NA | AA7: NA | AB7: NA
A8: 3 | B8: Dr. Deepak Kumar Maurya | C8: Assistant Professor | D8: Regular | E8: 43773 | F8: Yes | G8: B.Sc., M.Sc., and Ph.D | H8: 19 | I8: Nodal Officer (Electoral Literacy Club), Member of BOS, Member of Time Table Committee, Member of B.Sc. Admission Committee, In Charge of Computer Lab of Rajju Bhaiya Institute | J8: 12 | K8: 6 | L8: 1 | M8: NA | N8: NA | O8: 11 | P8: 11 | Q8: Google Scholar: https://scholar.google.com/citations?user=XBbJlogAAAAJ&hl=en&oi=ao ORCID: https://orcid.org/0000-0003-2228-3606 | R8: NA | S8: NA | T8: NA | U8: Council of Science and Technology, Uttar Pradesh | V8: 2023 | W8: 03 Years | X8: Rs. 1136000/- (Eleven Lacs Thirty Six Thousand Only) | Y8: Rs. 1108000/- (Eleven Lacs Eight Thousand Only) | Z8: Ongoing | AA8: 2 | AB8: NA
A9: 4 | B9: Dr. Ashish Verma | C9: Assistant Professor | D9: Regular | E9: 43774 | F9: Yes | G9: B.Sc., M.Sc., and Ph.D | H9: 18 | I9: Admission Coordinator of M.Sc., Member of BOS | J9: 6 | K9: No. of Publications in Scopus Indexing=37 & No. of Publications in UGC CARE Indexing=02 | L9: No. of Publications in Peer Reviewed Indexing=02 | M9: NA | N9: NA | O9: 10 | P9: 10 | Q9: Google Scholar: https://scholar.google.com/citations?hl=en&user=4k6zGIMAAAAJ ORCID: https://orcid.org/0000-0002-0776-5730 | R9: NA | S9: NA | T9: NA | U9: VBSPU | V9: 2022 | W9: 01 Year | X9: Rs. 100000/- (One Lac only) | Y9: Rs. 100000/- (One Lac only) | Z9: Completed | AA9: 4 | AB9: 02 (Thesis Submitted)
U10: Department of Higher Education, Uttar Pradesh | V10: 2026 | W10: 03 Years | X10: Rs. 291500/- (Two Lacs Ninty One Thousand Five Hundred Only) | Y10: Rs. 291500/- (Two Lacs Ninty One Thousand Five Hundred Only) | Z10: Ongoing
A11: =IF(B11="","",ROW()-5)
A12: =IF(B12="","",ROW()-5)
A13: =IF(B13="","",ROW()-5)
A14: =IF(B14="","",ROW()-5)
A15: =IF(B15="","",ROW()-5)
A16: =IF(B16="","",ROW()-5)
A17: =IF(B17="","",ROW()-5)
A18: =IF(B18="","",ROW()-5)
A19: =IF(B19="","",ROW()-5)
A20: =IF(B20="","",ROW()-5)
A21: =IF(B21="","",ROW()-5)
A22: =IF(B22="","",ROW()-5)
... A55: =IF(B55="","",ROW()-5)

Sheet Program details
B1: Name of Faculty | E1: Prof. Mithilesh Singh | L1: Name of Department
B2: Name of Director | E2: Prof. Mithilesh Singh | L2: Name of HoD
A3: S.No | B3: Name of the Programme | C3: Year of Commencement | D3: Mode of Programme | E3: Sanctioned Faculty Positions | H3: Semester Fee / Student (₹) | K3: Sanctioned Student Intake | N3: Students Admitted | Q3: Syllabus / Curriculum Provisions
E4: Professor | F4: Associate Professor | G4: Assistant Professor | H4: 2024 | I4: 2025 | J4: 2026 | K4: 2024 | L4: 2025 | M4: 2026 | N4: 2024 | O4: 2025 | P4: 2026 | R4: NEP Aligned | S4: Multiple Entry/Exit | T4: Internship at End of Every Year | U4: Minor / Specialisation Available | V4: Remarks
A5: =IF(B5="","",ROW()-4) -> 1 | B5: M.Sc.(Mathematics) | C5: 2018 | D5: Regular | E5: 1 | F5: 2 | G5: 4 | H5: 10625 | I5: 10625 | J5: 10625 | K5: 60 | L5: 60 | M5: 60 | N5: 7 | O5: 8 | P5: 10 | Q5: YES | R5: Yes | S5: Yes | T5: No | U5: Yes | V5: No
A6: 2 | B6: B.Sc.(Mathematics) | C6: 2019 | D6: Regular | E6: 0 | F6: 0 | G6: 0 | H6: 6474 | I6: 6474 | J6: 6474 | K6: 60 | L6: 60 | M6: 60 | N6: 38 | O6: 30 | P6: 40 | Q6: YES | R6: Yes | S6: Yes | T6: Yes | U6: Yes | V6: No
A7: =IF(B7="","",ROW()-4)
A8: =IF(B8="","",ROW()-4)
A9: =IF(B9="","",ROW()-4)
A10: =IF(B10="","",ROW()-4)
A11: =IF(B11="","",ROW()-4)
A12: =IF(B12="","",ROW()-4)
A13: =IF(B13="","",ROW()-4)
A14: =IF(B14="","",ROW()-4)
A15: =IF(B15="","",ROW()-4)
A16: =IF(B16="","",ROW()-4)
A17: =IF(B17="","",ROW()-4)
A18: =IF(B18="","",ROW()-4)
... A34: =IF(B34="","",ROW()-4)

Sheet Infrastructure Utilization
B2: Name of Department - Mathematics | I2: Name of HoD
B3: Current Weekly Working Hours / Room | I3: Date of Submission
A4: S.No | B4: Lab / Classroom Name | C4: Floor & Room No. | D4: Hours Allotted / Week | E4: Lab / Room In-charge | F4: Lab Assistant / Support Staff | G4: Student Capacity | H4: Major Equipment / Computers Available | I4: Programme(s) / Courses Using Facility | J4: Utilisation (%) | K4: Digital Smart Board | L4: Projector
A5: 1 | B5: Classroom | C5: LH-201 (Second Floor) | D5: 24 | E5: HOD | F5: NA | G5: 60 | H5: NA | I5: GREEN BOARD | J5: 100 | K5: No | L5: Yes
A6: 2 | B6: Classroom | C6: LH-205 (Second Floor) | D6: 32 | E6: HOD | F6: NA | G6: 30 | H6: NA | I6: GREEN BOARD | J6: 100 | K6: No | L6: No
A7: 3 | B7: LAB | C7: First floor | D7: 6 | E7: DR. DEEPAK KUMAR MAURYA | F7: NA | G7: 15 | H7: 11 | I7: B.Sc., & Mathematics | J7: 100 | K7: No | L7: No
A8: 4 | B8: Classroom | C8: LH-102 (First Floor) | D8: 2 | E8: HOD | F8: NA | G8: 60 | H8: NA | I8: GREEN BOARD | J8: 100 | K8: No | L8: Yes
A9: 5 | B9: Classroom | C9: LH-204 (Second Floor) | D9: 4 | E9: HOD | F9: NA | G9: 60 | H9: NA | I9: GREEN BOARD | J9: 100 | K9: No | L9: Yes
A10: 5 | B10: Classroom | C10: LH-202 (Second Floor) | D10: 6 | E10: HOD | F10: NA | G10: 60 | H10: NA | I10: GREEN BOARD | J10: 100 | K10: No | L10: Yes
A11: =IF(B11="","",ROW()-4)
A12: =IF(B12="","",ROW()-4)
A13: =IF(B13="","",ROW()-4)
A14: =IF(B14="","",ROW()-4)
A15: =IF(B15="","",ROW()-4)
A16: =IF(B16="","",ROW()-4)
A17: =IF(B17="","",ROW()-4)
A18: =IF(B18="","",ROW()-4)
A19: =IF(B19="","",ROW()-4)
A20: =IF(B20="","",ROW()-4)
A21: =IF(B21="","",ROW()-4)
A22: =IF(B22="","",ROW()-4)
... A34: =IF(B34="","",ROW()-4)

Sheet HoD Submission
A1: DEPARTMENT PERFORMANCE DATA – HoD SUBMISSION FORMAT
A2: Veer Bahadur Singh Purvanchal University, Jaunpur | Standardised Department Data Collection
A4: Department Information
A5: Name of Faculty | B5: Prof. Mithilesh Singh
A6: Name of Department | B6: Mathematics
A7: Name of Director | B7: Prof. Mithilesh Singh
A8: Name of HoD | B8: Prof. Mithilesh Singh
A9: Mobile / Contact No. | B9: 9870653889
A10: Date of Submission
A12: Instructions to HoD
A13: 1. Fill all applicable fields in the three reporting sheets. Do not leave cells blank where the information is available.
A14: 2. Report figures as per official University/Department records and use the same nomenclature across all sheets.
A15: 3. Faculty research data should be supported by verifiable records/links wherever requested.
A16: 4. For infrastructure, report actual weekly allocation/utilisation as per the current timetable.
A17: 5. Use 'NA' only where a field is genuinely not applicable; use 0 for a valid nil numerical value.
A18: 6. The HoD should verify the completeness and correctness of the information before submission.
A20: Department-level Snapshot (auto-calculated from reporting sheets)
A21: Indicator | B21: Reported Value | C21: Indicator | D21: Reported Value
A22: No. of Programmes | B22: =COUNTA('Program details'!B5:B34) -> 2 | C22: Total Faculty Reported | D22: =COUNTA('Faculty Details'!B6:B55) -> 4
A23: Total Sanctioned Student Intake (2026) | B23: =SUM('Program details'!M5:M34) -> 120 | C23: Faculty with PhD | D23: =COUNTIF('Faculty Details'!F6:F55,"Yes") -> 3
A24: Total Students Admitted (2026) | B24: =SUM('Program details'!P5:P34) -> 50 | C24: Labs/Classrooms Reported | D24: =COUNTA('Infrastructure Utilization'!B5:B34) -> 6
A25: Programmes with NEP Alignment | B25: =COUNTIF('Program details'!S5:S34,"Yes") -> 2 | C25: Digital Smart Board Available | D25: =COUNTIF('Infrastructure Utilization'!K5:K34,"Yes") -> 0
C26: Projector Available | D26: =COUNTIF('Infrastructure Utilization'!L6:L35,"Yes") -> 3
A27: Certification by HoD
A28: I certify that the information furnished in this workbook has been checked from departmental records and is complete and correct to the best of my knowledge. HoD Signature: _______________________ Date: __09-09-2026_____________________

Sheet Faculty Targets
A1: Faculty Annual Targets & Institutional Contribution – Academic Year 2026-27
A2: Name of Department | B2: Mathematics | G2: Name of HoD | H2: Prof. Mithilesh Singh | M2: Review Period | N2: July 2026 – June 2027
A3: Purpose: Set measurable annual faculty targets beyond routine teaching. Each faculty member should identify at least one specific, measurable contribution to strengthen the Department and/or University.
A5: Total Faculty Planned | B5: 4 | D5: Journal Publication Target | E5: 15 | G5: Conference Paper Target | H5: 12 | J5: Sponsored/Industry Proposals | K5: 6 | M5: Target Funding (₹ Lakh) | N5: 9 | P5: Patent Filing Target | Q5: NA | S5: Avg. Milestone Achievement | T5: 0.875
A8: Faculty Identification | F8: Research Publication Targets | K8: Sponsored Research / Consultancy Targets | R8: IPR / Innovation Targets | V8: Academic, Student & Institutional Contribution | AB8: Quarterly Milestones | AF8: Quarterly Status | AJ8: Progress | AK8: Review & Achievement
A9: S.No. | B9: Name of Faculty | C9: Designation | D9: Nature of Appointment | E9: Date of Joining | F9: SCI/SCIE/SSCI Journal Papers | G9: Scopus / UGC-CARE Journal Papers | H9: Q1/Q2 Journal Papers (subset) | I9: International Conference Papers | J9: National Conference Papers | K9: Govt. Sponsored Project Proposals (#) | L9: Industry Project Proposals (#) | M9: Target Funding (₹ Lakh) | N9: Funding Agency/Agencies to be Targeted | O9: Tentative Project Theme / Title | P9: Target Submission Month | Q9: Consultancy / Industry Assignment Proposals (#) | R9: Patents to be Filed | S9: Patents Expected to be Published | T9: Patents Expected to be Granted | U9: Prototype / Product / Technology Proposed | V9: New / Revised Course, Syllabus or Lab Development | W9: e-Content / MOOC / Innovative Teaching | X9: Student Mentoring / Hackathon / Internship / Placement Contribution | Y9: Specific Contribution to Department Development | Z9: Specific Contribution to University Development | AA9: Expected Measurable Outcome by June 2027 | AB9: Q1: Jul–Sep 2026 | AC9: Q2: Oct–Dec 2026 | AD9: Q3: Jan–Mar 2027 | AE9: Q4: Apr–Jun 2027 | AF9: Q1 Status | AG9: Q2 Status | AH9: Q3 Status | AI9: Q4 Status | AJ9: Milestone Achievement % | AK9: HoD Priority | AL9: HoD Remarks / Support Required | AM9: Year-end Achievement Summary
A11: 1 | B11: Prof. Mithilesh Singh | C11: Professor | D11: Regular | E11: 44816 | F11: 1 | G11: 1 | H11: 1 | I11: 1 | J11: 1 | K11: 2 | L11: NA | M11: 500000 | N11: Higher Education of UP | O11: Some Studies of Non-linear Waves in Gases with Nanoparticles | P11: April-June 2027 | Q11: NA | R11: NA | S11: NA | T11: NA | U11: NA | V11: NA | W11: NA | X11: NA | Y11: NA | Z11: NA | AA11: To be published-2 papers | AB11: Preparing the manuscript | AC11: Research manuscript may be published which are under review and new manuscript will be submitted for publication | AD11: Preparing the manuscript | AE11: Research manuscript may be published which are under review and new manuscript will be submitted for publication | AF11: Preparing the manuscript | AG11: NA | AH11: NA | AI11: NA | AJ11: 90 | AK11: (High priority) : Inovative teaching and learning of students and Professor. To focus on new works related to quantum computing
A12: 2 | B12: Mr. Saurabh Kumar Singh | C12: Assistant Professor | D12: Regular | E12: 43413 | F12: 1 | G12: 1 | H12: 1 | I12: 1 | J12: 1 | K12: NA | L12: NA | M12: NA | N12: NA | O12: NA | P12: NA | Q12: NA | R12: NA | S12: NA | T12: NA | U12: NA | V12: NA | W12: NA | X12: NA | Y12: NA | Z12: NA | AA12: NA | AB12: Preparing the manuscript | AC12: Preparing the manuscript | AD12: Communicating the manuscript | AE12: I will work on new research problem | AF12: Preparing the manuscript | AG12: NA | AH12: NA | AI12: NA | AJ12: 88 | AK12: NA | AL12: NA | AM12: NA
A13: 3 | B13: Dr. Deepak Kumar Maurya | C13: Assistant Professor | D13: Regular | E13: 43566 | F13: 2 | G13: 1 | H13: 2 | I13: 4 | J13: 1 | K13: 2 | L13: NA | M13: 250000 | N13: CoE, ANRF (SERB), DST, CSTUP, Higher Education (UP) | O13: Modeling of Nanoparticle Transport … | P13: April-June 2027 | Q13: NA | R13: NA | S13: NA | T13: NA | U13: NA | V13: NA | W13: NA | X13: NA | Y13: NA | Z13: NA | AA13: To be published-3 papers | AB13: Published one article in Q1 Journal and Communicated 03 manuscripts for publication | AC13: Research manuscript may be published which are under review and new manuscript will be submitted for publication | AD13: Research manuscript may be published which are under review and new manuscript will be submitted for publication | AE13: I will work on new research problem | AF13: Published 01 article in Physics of Fluids (Q1 journal) Total manuscript is Q1 journals are 07 since 09-09-2026 | AG13: NA | AH13: NA | AI13: NA | AJ13: 85 | AK13: NA | AL13: NA | AM13: NA
A14: 4 | B14: Dr. Ashish Verma | C14: Assistant Professor | D14: Regular | E14: 43596 | F14: 1 | G14: 2 | H14: 1 | I14: 2 | J14: 1 | K14: 2 | L14: NA | M14: 150000 | N14: CoE, ANRF (SERB), DST, CSTUP, Higher Education (UP) | O14: Multivariable Hypergeometric functions … | P14: April-June 2027 | Q14: NA | R14: NA | S14: NA | T14: NA | U14: NA | V14: NA | W14: NA | X14: NA | Y14: NA | Z14: NA | AA14: To be published-3 papers | AB14: Published one article in Scopus Indexed Journal and Communicated 02 manuscripts for publication | AC14: Research manuscript may be published which are under review and new manuscript will be submitted for publication | AD14: Research manuscript may be published which are under review and new manuscript will be submitted for publication | AE14: I will work on new research problem | AF14: Published one article in Scopus Indexed Journal and Communicated 02 manuscripts for publication | AG14: NA | AH14: NA | AI14: NA | AJ14: 87 | AK14: NA | AL14: NA | AM14: NA
O15: Some Studies of Non-linear Waves in Gases with Nanoparticles
